{
    "accuracy": 0.9824,
    "precision": 0.652542372881356,
    "recall": 0.9625,
    "auc": null,
    "f1_score": 0.9986282578875172
}